municipio,dept,area_antropico_1985,area_antropico_2024,area_natural_1985,area_natural_2024,antropico_share_1985,antropico_share_2024,cambio_antrop_ha,cambio_antrop_pct,cambio_natural_ha,cambio_antrop_share_pp
Acasio,Potosi,1379.37650300294,10729.1628351198,33092.8421632151,23743.0558310976,4.00141492591163,31.1240855687491,9349.78633211688,677.826997325394,-9349.78633211751,27.1226706428375
Achacachi,La Paz,13896.1161279542,35376.8394819523,57688.7654775616,36208.0421235738,19.4120822948787,49.4194286398335,21480.7233539981,154.580770311687,-21480.7233539878,30.0073463449549
Achocalla,La Paz,5852.16036276242,10321.1442199033,13634.7230720882,9165.73921494735,30.0312791541428,52.9645710377925,4468.98385714087,76.3646855198506,-4468.9838571409,22.9332918836497
Aiquile,Cochabamba,4872.73248736575,14355.8101945861,267263.924894109,257780.84718688,1.79054616686031,5.27522103516651,9483.07770722037,194.615192436862,-9483.07770722814,3.4846748683062
Alalay,Cochabamba,3837.01398972167,13283.7303989562,38421.4384235199,28974.7220142905,9.07987342319086,31.434493315217,9446.71640923448,246.199686384769,-9446.71640922939,22.3546198920261
Alto Beni,La Paz,3484.69925474242,20601.312925268,100997.948452952,83881.3347824287,3.3351942463129,19.7174491432326,17116.6136705255,491.193426440778,-17116.6136705238,16.3822548969197
Ancoraimes,La Paz,5700.66128650521,9871.30359969461,26957.4284270492,22786.7861138619,17.4555870735428,30.2262125135782,4170.6423131894,73.1606756406013,-4170.64231318735,12.7706254400354
Antequera (Bolivar),Oruro,527.269540704344,1389.43081436162,27774.411966437,26912.2506927809,1.86303255716908,4.90935782035059,862.161273657274,163.514333201491,-862.161273656137,3.04632526318151
Anzaldo,Cochabamba,9036.14425711055,20852.6874411854,55520.8472188518,43704.3040347671,13.9971582481119,32.301206986935,11816.5431840749,130.769749218827,-11816.5431840846,18.3040487388231
Apolo,La Paz,5884.94914199832,23123.2025875062,1385965.47165168,1368727.91259002,0.422814584439862,1.66132730256547,17238.2534455079,292.921026665906,-17237.5590616567,1.23851271812561
Arampampa,Potosi,3338.02081974486,9590.13517990132,39053.6956651331,32801.581304981,7.87422896861372,22.6226630462613,6252.11436015646,187.300040885735,-6252.11436015213,14.7484340776476
Arani,Cochabamba,6246.65561782245,11543.6995321041,15352.0332548575,10054.9893405764,28.9214574766333,53.4462975977461,5297.04391428168,84.7980781775225,-5297.04391428103,24.5248401211128
Arbieto,Cochabamba,5016.64783007817,8158.65710665917,9670.14564237067,6528.13636578979,34.1575432342599,55.5509759292527,3142.00927658101,62.6316493205395,-3142.00927658088,21.3934326949928
Arque,Cochabamba,2068.22812549439,8361.02476036968,49485.8223628206,43193.02572795,4.01176649730591,16.2179783764304,6292.79663487529,304.260277544144,-6292.79663487061,12.2062118791245
Ascención de Guarayos,Santa Cruz,10020.1058386902,212076.206167609,857985.222894974,655929.122566015,1.15438298671606,24.432592652054,202056.100328919,2016.50664755185,-202056.100328959,23.278209665338
Atocha,Potosi,676.405248425292,274.528676599121,209766.084299166,210167.960871004,0.321420474486605,0.130453064487731,-401.876571826172,-59.413579767715,401.876571837376,-0.190967409998874
Aucapata,La Paz,874.547261840825,2569.87042669056,23230.6492234272,21535.3260585766,3.62804452714297,10.6610640085893,1695.32316484974,193.851520532037,-1695.32316485055,7.03301948144637
Ayata,La Paz,2033.62567469483,6674.76816046132,64538.953742846,59897.8112570774,3.05474970699273,10.0263024489372,4641.1424857665,228.220096919408,-4641.14248576867,6.97155274194445
Ayo Ayo,La Paz,16465.9694019832,22054.0164455974,32387.620686481,26799.5736428655,33.7047274768682,45.143082433988,5588.0470436142,33.9369453883546,-5588.04704361558,11.4383549571198
Batallas,La Paz,13284.1043566762,21848.3442756436,84923.2288240607,76358.9889050866,13.5265910665028,22.2471617627945,8564.23991896735,64.4698331857292,-8564.23991897405,8.72057069629164
Baures,Beni,10516.7422690673,36821.2252908024,1755205.41616499,1728901.10711803,0.595605695989891,2.08533497113163,26304.4830217351,250.120069017037,-26304.309046963,1.48972927514174
Bella Flor,Pando,3912.76548170776,55816.6730767648,571909.682695448,520008.587213723,0.679506014022579,9.6933352747684,51903.907595057,1326.52743533208,-51901.0954817257,9.01382926074582
Belén de Andamarca,Oruro,52.7504286499023,1768.47684612424,107354.671072558,105638.944655082,0.0491124616089113,1.64651270964957,1715.72641747434,3252.53549854806,-1715.7264174766,1.59740024804066
Belén de Urmiri,Potosi,674.826875762938,596.828284820554,129467.236791439,129545.235382381,0.518530947448781,0.45859752642832,-77.9985909423838,-11.558311286017,77.9985909415991,-0.0599334210204607
Bermejo,Tarija,8769.4228081664,12746.5022214595,30679.7401588489,26703.0744174937,22.2294471964187,32.3108720230811,3977.07941329308,45.3516668119762,-3976.66574135513,10.0814248266624
Betanzos,Potosi,16962.9152816163,23912.1241213443,174461.189246646,167511.980406916,8.86143117838738,12.4916996113278,6949.20883972799,40.9670668299526,-6949.20883973036,3.63026843294037
Bolpebra (Mukden),Pando,1064.90137453003,24257.9368174066,245527.271498817,222337.218805618,0.431845500489304,9.83715059451136,23193.0354428766,2177.95149838288,-23190.0526931982,9.40530509402206
Bolívar,Cochabamba,3194.75312873531,9896.04344168124,69000.0858423684,62298.7955294223,4.42518215189042,13.7074111982467,6701.29031294593,209.75925346691,-6701.29031294613,9.28222904635631
Boyuibe,Santa Cruz,1756.51013460694,9423.71978941052,164327.153422774,156659.943768084,1.05760560490049,5.67407991102524,7667.20965480358,436.502443324604,-7667.2096546909,4.61647430612475
Buena Vista,Santa Cruz,31575.83244632,51361.1436014304,193556.25398054,173770.942825424,14.025469646495,22.8137820852638,19785.3111551105,62.6596660238371,-19785.3111551151,8.78831243876885
Cabezas,Santa Cruz,80188.8265587556,238398.454510521,426003.855027711,267794.227076021,15.8415618154404,47.0963850688866,158209.627951765,197.296350054259,-158209.62795169,31.2548232534462
Cairoma,La Paz,3550.33904650878,7358.03668136589,50551.7310032886,46744.0333684329,6.56229797351733,13.6002867812509,3807.69763485712,107.248845391299,-3807.69763485562,7.03798880773357
"Caiza ""D""",Potosi,7037.0293424706,8913.71790436566,130405.002715773,128528.314153875,5.11999803632743,6.48543809406753,1876.68856189506,26.6687613559983,-1876.68856189809,1.3654400577401
Cajuata,La Paz,5140.25150731817,15287.5397115416,91541.1330932169,81393.8448889955,5.31669206906427,15.8122887613845,10147.2882042234,197.408398981582,-10147.2882042214,10.4955966923202
Calacoto,La Paz,12647.142582074,15844.0879136354,379344.339326021,376147.393994448,3.22638199190237,4.04194699244781,3196.94533156138,25.2780049787113,-3196.94533157273,0.815565000545442
Calamarca,La Paz,23662.0525099912,28144.4667596834,25572.7128892057,21090.2986395124,48.0596430553464,57.1638079951999,4482.41424969227,18.9434718218109,-4482.41424969326,9.10416493985357
Camargo,Chuquisaca,2969.75991555789,4220.64084584353,204779.197000613,203528.316070329,1.42949450126781,2.03160627542721,1250.88093028564,42.1206079229693,-1250.8809302834,0.602111774159397
Camiri,Santa Cruz,6755.85698595588,10540.9296253787,96909.2274733976,93124.1548339876,6.51700331041047,10.16825450956,3785.07263942284,56.0265358975372,-3785.07263940996,3.65125119914954
Capinota,Cochabamba,6113.42856311039,9709.52130568246,48064.3694265079,44468.2766839351,11.2840107755613,17.9215871924938,3596.09274257207,58.8228472034757,-3596.09274257279,6.63757641693243
Caquiaviri,La Paz,47770.6072976681,42315.9211379155,109644.630070488,115099.316230243,30.3468762594717,26.8817185968778,-5454.68615975255,-11.4184986717111,5454.68615975467,-3.46515766259395
Caracollo,Oruro,25194.4645044076,66492.0191090793,210166.940259904,168869.385655222,10.7045862211934,28.2510291675335,41297.5546046716,163.915190963661,-41297.5546046826,17.5464429463402
Caranavi,La Paz,5359.86018944092,26179.2793049681,150134.775552429,129315.356436901,3.44697433700453,16.8361301854987,20819.4191155272,388.432130310825,-20819.4191155271,13.3891558484941
Carangas,Oruro,24.813992010498,87.6589447937012,25538.1643456767,25475.3193928934,0.097070034965038,0.342913660668668,62.8449527832031,253.264177551985,-62.8449527833436,0.24584362570363
Caraparí,Tarija,10409.6652639832,24282.5062264831,301309.118096911,287436.526019146,3.33943846450155,7.78986963085041,13872.8409624999,133.268847851421,-13872.5920777651,4.45043116634886
Caripuyo,Potosi,390.845131292724,2987.69158979497,51280.7837530327,48683.9372945288,0.756401800623876,5.78207355623229,2596.84645850225,664.418269689877,-2596.84645850393,5.02567175560842
Carmen Rivero Torrez,Santa Cruz,2116.04739379277,174408.386088568,1094036.33248022,921743.993785535,0.193043178361386,15.9109617687095,172292.338694775,8142.17768468602,-172292.338694686,15.7179185903481
Catacora,La Paz,11.7997084350586,24.1132427001953,55333.9886405488,55321.6751062894,0.021319975353238,0.0435683426318662,12.3135342651367,104.354563783555,-12.3135342593814,0.0222483672786283
Chacarilla,La Paz,7452.56704006981,5661.1688692017,29294.9004988999,31086.2986697687,20.2804915254815,15.4056027485379,-1791.39817086812,-24.0373305095601,1791.39817086873,-4.87488877694356
Challapata,Oruro,17736.0604269596,41156.3318252972,266112.344456801,242692.073058478,6.24842702012813,14.4994057099419,23420.2713983376,132.048892677078,-23420.2713983231,8.25097868981379
Chaqui,Potosi,10101.8008811707,13765.0925541999,35262.9402876968,31599.6486146669,22.267956613193,30.343152412047,3663.29167302917,36.2637485743496,-3663.29167302985,8.075195798854
Charagua,Santa Cruz,41270.2710419679,484609.350658525,7063739.6044295,6620400.86289309,0.580861557764257,6.82067071113022,443339.079616558,1074.23350616167,-443338.74153641,6.23980915336596
Charazani (Gral.Perez),La Paz,2922.44170703734,8866.08501002202,253832.327727468,247888.684424495,1.13822294848658,3.4531335209659,5943.64330298468,203.379362150225,-5943.64330297327,2.31491057247932
Charaña,La Paz,133.186059576416,278.774845916748,287436.780659304,287291.191872975,0.0463143147721731,0.0969415718538015,145.588786340332,109.312331037769,-145.588786329085,0.0506272570816284
Chayanta,Potosi,455.828445349121,5339.80679599608,61209.0463548336,56325.0680041868,0.739202741959951,8.65939777433918,4883.97835064695,1071.45098128009,-4883.97835064679,7.92019503237923
Chimore,Cochabamba,7942.64322053846,27497.8349911078,267480.085059833,247924.893289282,2.8838009376093,9.98386558828726,19555.1917705693,246.20508850256,-19555.1917705504,7.10006465067795
Chipaya,Oruro,911.964727697755,270.678156658937,75933.1247994319,76574.4113704861,1.18675732347972,0.352238715999312,-641.286571038818,-70.3192296326788,641.286571054239,-0.834518607480405
Choquecota,Oruro,5464.16183508916,9080.95800165417,79018.082396099,75401.2862295318,6.46782277721733,10.7489545102567,3616.79616656502,66.1912343689945,-3616.79616656725,4.28113173303941
Chua Cocani,La Paz,1067.398874469,2781.16819062493,6858.37915591413,5144.6098397582,13.4674333595663,35.0901599813096,1713.76931615593,160.555660788802,-1713.76931615592,21.6227266217432
Chulumani,La Paz,5094.40418878759,9649.54823825062,23422.8743916444,18867.7303421805,17.8642719164769,33.8375494387893,4555.14404946304,89.4146573506785,-4555.14404946391,15.9732775223124
Chuma,La Paz,3177.42707259521,8536.01456445926,56262.6561650153,50904.0686731512,5.34559660674348,14.3607042579949,5358.58749186405,168.645491129631,-5358.58749186414,9.01510765125146
Chuquihuta,Potosi,24.8585200561524,533.475573571775,26251.8595272753,25743.2424737597,0.0946028343850836,2.03022147823347,508.617053515623,2046.04719977987,-508.617053515591,1.93561864384839
Ckochas,Potosi,10931.8838643497,13071.1559996095,197978.775890565,195839.503755305,5.23280328403276,6.25681619834238,2139.27213525978,19.5691077750673,-2139.27213525938,1.02401291430962
Cliza,Cochabamba,5053.59798346597,5397.73496116982,372.806052655026,28.6690749511719,93.1297771014942,99.4716745240433,344.13697770385,6.80974186767081,-344.136977703854,6.34189742254904
Cobija,Pando,7060.76778110964,25903.9554311958,38671.0719119756,19828.4110354683,15.4393230148207,56.6424994649645,18843.1876500862,266.871652407253,-18842.6608765073,41.2031764501438
Cocapata,Cochabamba,3838.26680933229,25404.792657245,701526.928796212,679960.402948352,0.544153132766524,3.60165100511282,21566.5258479127,561.881883653222,-21566.5258478604,3.0574978723463
Cochabamba,Cochabamba,8205.58189763177,18723.9337362792,20665.5131614379,10147.1613227906,28.4214432491851,64.8535626998918,10518.3518386474,128.185325183131,-10518.3518386473,36.4321194507067
Coipasa,Oruro,171.556507397461,980.866001440426,159261.732075238,158452.422581198,0.107603944522879,0.615220328301778,809.309494042965,471.745144687495,-809.309494040179,0.507616383778899
Colcapirhua,Cochabamba,878.805546618647,2689.07678836058,1993.64828759154,183.377045849609,30.5942444105558,93.6160141665068,1810.27124174193,205.99224125374,-1810.27124174193,63.021769755951
"Colcha""K"" (V.Martin)",Potosi,18910.5098013129,37021.8142872066,2229521.37926692,2211405.57978926,0.840832763226096,1.64656481168756,18111.3044858937,95.7737505555579,-18115.7994776648,0.805732048461461
Collana,La Paz,6350.12234114376,6602.82895076282,6118.64169907804,5865.93508945894,50.9282421309723,52.954959524965,252.706609619054,3.97955497615715,-252.706609619103,2.02671739399268
Colomi,Cochabamba,3688.69193942259,13655.232254547,52188.9792436588,42222.4389285351,6.60137020982265,24.4377261353751,9966.54031512442,270.191723212444,-9966.54031512373,17.8363559255525
Colpa Bélgica,Santa Cruz,17587.7579528752,21353.218540784,11587.4420988408,7821.98151093139,60.2832471472316,73.1896216750312,3765.4605879088,21.4095542933785,-3765.46058790939,12.9063745277996
Colquechaca,Potosi,7626.13224178465,29468.0947729978,156314.746296207,134472.783765003,4.65175757858183,17.974830338711,21841.9625312132,286.409438477057,-21841.962531204,13.3230727601292
Colquencha,La Paz,13182.4479528012,14771.9950361078,17137.4950287228,15547.9479454157,43.4778124775306,48.7203918724702,1589.54708330653,12.0580569633029,-1589.54708330711,5.24257939493958
Colquiri,La Paz,5258.28849751585,12641.4713416625,100387.024538373,93003.8416942245,4.97730410030546,11.9659556854815,7383.18284414662,140.410379682184,-7383.18284414882,6.98865158517606
Comanche,La Paz,16730.4385509639,19229.3164632382,26847.3027679573,24348.4248556827,38.3921654601673,44.1264642940296,2498.87791227424,14.9361172133188,-2498.87791227468,5.73429883386231
Comarapa,Santa Cruz,3723.12523358766,18050.485692102,286380.299840819,272052.939382286,1.28337858563122,6.22208637746124,14327.3604585143,384.820804018678,-14327.3604585333,4.93870779183002
Combaya,La Paz,1735.15879244385,3269.68539314575,8130.27012628778,6595.74352558593,17.588275246191,33.1428609955066,1534.52660070191,88.4372431724612,-1534.52660070185,15.5545857493156
Concepción,Santa Cruz,8111.52648494875,309427.048726209,3505120.72172263,3203805.19948128,0.230885005939678,8.80747490815855,301315.52224126,3714.65867491603,-301315.522241348,8.57658990221887
Copacabana,La Paz,3009.38909415286,5207.88004971927,14338.5565346921,12140.0655791258,17.3472361427572,30.0201543234026,2198.49095556642,73.0543936587666,-2198.49095556627,12.6729181806454
Coripata,La Paz,5250.46011708342,9764.14427543256,63876.5920555639,59362.907897211,7.59537684895084,14.1249250019324,4513.68415834913,85.9674020504024,-4513.68415835293,6.52954815298152
Coro Coro,La Paz,41672.9130364802,32647.0049430058,72012.5518330834,81038.4599265597,36.656324609565,28.7169560158483,-9025.90809347432,-21.6589324714908,9025.90809347632,-7.93936859371664
Coroico,La Paz,5703.92205004282,10363.1789146119,102706.712060233,98047.4551956554,5.26140456317298,9.55919038723753,4659.2568645691,81.685142673612,-4659.25686457781,4.29778582406455
Corque,Oruro,10091.6974620786,36012.9901351189,326039.442695225,300118.150022227,3.00230959183247,10.7139701838577,25921.2926730404,256.857607656635,-25921.2926729979,7.71166059202521
Cotagaita,Potosi,4957.15172733761,5352.35415922852,637701.32964069,637306.127208801,0.771350860691253,0.832845798258968,395.202431890906,7.97236908669651,-395.202431889018,0.0614949375677146
Cotoca,Santa Cruz,31728.1916923999,53971.188914867,30274.1666709582,8031.16944848646,51.1725562219106,87.0469935975318,22242.9972224671,70.104837483679,-22242.9972224717,35.8744373756212
Cruz de Machacamarca,Oruro,1558.27272953491,1912.61949468994,50519.7203596944,50165.3735945412,2.99219043803204,3.67260599196447,354.346765155035,22.7397142001449,-354.346765153285,0.680415553932428
Cuatro Cañadas,Santa Cruz,20757.8532333434,388140.783838411,428120.431895386,60737.5012901853,4.62438347343768,86.4690488931125,367382.930605068,1769.85031387995,-367382.930605201,81.8446654196749
Cuchumuela (V. G.Villarroel),Cochabamba,977.66587023315,2847.35381384886,5372.70896894533,3503.02102532965,15.3954041295557,44.8375707884544,1869.68794361571,191.239972729112,-1869.68794361567,29.4421666588987
Cuevo,Santa Cruz,2723.45128483887,4715.61950678714,84589.9442143974,82597.7759924494,3.11916776259456,5.40079730014437,1992.16822194827,73.1486637208618,-1992.16822194806,2.28162953754981
Culpina,Chuquisaca,12422.8296963197,23425.0219535527,382591.974933268,371589.782676007,3.14490230510952,5.93016304174231,11002.192257233,88.5643007767577,-11002.1922572604,2.78526073663279
Curahuara de Carangas,Oruro,4544.67947855845,5044.9085449586,278607.14129209,278106.91222569,1.60503275811163,1.78169737041703,500.229066400152,11.0069163020232,-500.229066400032,0.176664612305401
Curva,La Paz,718.312507855226,1456.32999041137,58838.5649477162,58100.5474651611,1.20609497768092,2.44527593223427,738.017482556147,102.743231460602,-738.017482555093,1.23918095455335
Desaguadero,La Paz,2441.75668486945,5834.75833838493,6506.04867351693,3113.04702000123,27.2888891417481,65.2088205396244,3393.00165351547,138.957402043393,-3393.0016535157,37.9199313978764
El Alto,La Paz,12668.7620427227,20277.3754526533,22218.4515998586,14609.8381899288,36.3134819894586,58.1226568002652,7608.61340993068,60.0580655337299,-7608.61340992974,21.8091748108066
El Choro,Oruro,31280.8390937927,61905.9097818071,99903.1642154334,69278.0935274228,23.8450102944775,47.1901361600325,30625.0706880144,97.9036099261529,-30625.0706880106,23.3451258655549
El Puente,Santa Cruz,6847.93829416508,227465.053103937,668060.30791828,447443.193108405,1.0146472994804,33.703107701009,220617.114809771,3221.65745853395,-220617.114809874,32.6884604015286
El Sena,Pando,2220.06386959838,8976.48300672601,757492.74185985,750736.322722709,0.292224094796817,1.18156268250701,6756.41913712763,304.334448645835,-6756.4191371412,0.889338587710198
El Torno,Santa Cruz,12500.5325728333,24935.0035080569,83518.1933058318,71083.7223706132,13.0188486239962,25.9688964625139,12434.4709352236,99.4715294150484,-12434.4709352186,12.9500478385177
El Villar,Chuquisaca,1367.03651130369,4838.04299478149,88214.1093113865,84743.1028279044,1.52603150891762,5.40073801283784,3471.0064834778,253.907372244771,-3471.00648348211,3.87470650392022
Entre Ríos (Bulo Bulo),Cochabamba,5691.38158477785,53541.1458911391,204484.736828221,156634.972521876,2.70791069306657,25.4744194037906,47849.7643063613,840.740751495913,-47849.7643063447,22.7665087107241
Entre Ríos (La Moreta),Tarija,9944.34236893313,25569.7894321595,493545.684556097,477920.237492894,1.97508229302302,5.07850961583508,15625.4470632263,157.129013498584,-15625.4470632037,3.10342732281205
Escara,Oruro,2365.93390345464,2462.19752081301,113504.363449204,113408.099831845,2.04188127372606,2.12496004331392,96.2636173583746,4.06873654491423,-96.2636173588253,0.0830787695878601
Escoma,La Paz,5117.67300338741,4728.49049910886,6754.06590009804,7143.24840437654,43.1080319824495,39.8298053684506,-389.182504278541,-7.60467704796575,389.1825042785,-3.27822661399893
Esmeralda,Oruro,1914.0718007507,1711.36686071163,58312.5967279753,58515.3016680048,3.17811336324829,2.84154329389088,-202.704940039065,-10.5902474483749,202.704940029405,-0.33657006935741
Eucaliptus,Oruro,4610.21587818619,16319.7031718691,28611.3203360351,16901.833042353,13.8771905322448,49.1238667189708,11709.4872936829,253.989999667646,-11709.4872936821,35.246676186726
Exaltación,Beni,146617.684845789,215046.525350053,2346989.14593669,2278560.30543312,5.87974347181995,8.62391467232678,68428.8405042639,46.6716143937456,-68428.840503566,2.74417120050683
Fernández Alonso,Santa Cruz,31053.5784512122,70742.1562496742,45021.9690652643,5333.39126679679,40.8193952787348,92.989348823757,39688.577798462,127.806777118508,-39688.5777984675,52.1699535450222
Filadelfia,Pando,3089.34204630739,28957.482808313,1166341.76287298,1140473.62211095,0.264174779797789,2.47620254724729,25868.1407620056,837.334952694059,-25868.1407620297,2.2120277674495
General Saavedra,Santa Cruz,35611.5433388395,50362.0286889971,17365.7483469297,2615.26299675904,67.2203923712573,95.0634263973479,14750.4853501577,41.4205169649868,-14750.4853501706,27.8430340260907
Guanay,La Paz,7971.83647407834,26608.815564545,386027.12769025,367390.148599791,2.02331406910843,6.75352424364408,18636.9790904667,233.785265805034,-18636.9790904582,4.73021017453565
Guaqui,La Paz,7943.92455561545,13360.1398123843,11623.217073798,6207.00181702866,40.5982882225072,68.2784438596877,5416.21525676888,68.1805978751427,-5416.2152567693,27.6801556371805
Guayaramerín,Beni,14142.0751928895,78560.6530944808,633819.916479801,569402.301946091,2.18254378323281,12.1242506972581,64418.5779015913,455.510079128842,-64417.6145337095,9.9417069140253
Gutiérrez,Santa Cruz,13271.4967004456,48635.1412453732,273997.353265414,238633.708720452,4.61988715519377,16.9301827368888,35363.6445449276,266.463122759471,-35363.6445449621,12.3102955816951
Huacaraje,Beni,29453.5933193289,72131.040953511,417235.339901737,374557.892267561,6.59375935439895,16.1479355294017,42677.447634182,144.897253015899,-42677.4476341767,9.55417617500277
Huacaya,Chuquisaca,846.849860113525,2294.65225554809,117847.299857288,116399.497461856,0.713472283284211,1.93324798316629,1447.80239543457,170.963291561562,-1447.80239543214,1.21977569988208
Huachacalla,Oruro,582.813332617227,586.881454626504,1485.79731482546,1481.72919281618,28.1741435169411,28.3708031451948,4.06812200927732,0.698014575440252,-4.06812200927811,0.196659628253713
Huarina,La Paz,4366.23820341182,9614.9478649169,13416.285838031,8167.57617652575,24.5535346570382,54.0696463702735,5248.70966150508,120.211253188241,-5248.7096615053,29.5161117132353
Huatajata,La Paz,327.588417749023,468.698695898439,1533.66880336914,1392.55852521974,17.6003839787508,25.1818335789644,141.110278149415,43.0754784064205,-141.1102781494,7.58144960021367
Humanata,La Paz,6896.83635361351,6941.35641751135,23476.8286343429,23432.3948348611,22.7065675764192,22.8531417138316,44.5200638978431,0.645514285321811,-44.4337994818306,0.146574137412408
Ichoca,La Paz,2409.23062996826,9861.33926308596,82435.5312122315,74983.4225791146,2.83957498100958,11.6228026916107,7452.1086331177,309.31487174459,-7452.10863311685,8.78322771060111
Icla (R.Mujia),Chuquisaca,2101.20763770751,4436.99628441779,82522.6713301502,80186.8826834398,2.48299612749447,5.24319652860994,2335.78864671028,111.164104146257,-2335.78864671038,2.76020040111548
Incahuasi,Chuquisaca,4055.52781661371,8422.18859924311,101881.894076909,97515.2332942763,3.82822967004982,7.95015439181489,4366.6607826294,107.671824238047,-4366.66078263297,4.12192472176507
Independencia,Cochabamba,9435.6339323119,27594.3006737484,141414.376104803,123255.709362934,6.25497733145021,18.292541490079,18158.6667414365,192.447766326044,-18158.6667418694,12.0375641586288
Ingavi,Pando,539.279911480712,2587.53061417846,540945.360831755,538898.959183282,0.0995924961456453,0.47785691110157,2048.25070269775,379.812164164214,-2046.40164847346,0.378264414955925
Inquisivi,La Paz,7944.45746412971,28784.0833009516,318540.632966269,297701.007128552,2.43332933018678,8.81635460384578,20839.6258368219,262.31653868015,-20839.6258377163,6.383025273659
Irupana,La Paz,5700.54309547123,16179.7849298345,132494.631912694,122015.390078338,4.12499430253945,11.7079231810211,10479.2418343633,183.828832777152,-10479.2418343559,7.58292887848165
Ixiamas,La Paz,1273.58510275879,63021.3812932963,3709541.343373,3647799.81693178,0.0343208426040023,1.69831360571725,61747.7961905375,4848.34472834066,-61741.5264412174,1.66399276311325
Jesús de Machaca,La Paz,41957.2182535472,49392.7462419262,56822.2528148633,49386.7248264687,42.4756457994085,50.0030479083318,7435.52798837908,17.7216896111802,-7435.52798839454,7.52740210892332
La Asunta,La Paz,5461.45917271726,28871.4085119808,276623.948081195,253213.99874188,1.93610127722816,10.2349883296154,23409.9493392635,428.639098067564,-23409.949339315,8.29888705238725
La Guardia,Santa Cruz,26696.4028244204,60674.5266573231,68695.4304580078,34717.3066251089,27.9860465050294,63.6055777203491,33978.1238329027,127.276038110353,-33978.1238328988,35.6195312153197
La Rivera,Oruro,5.75167012329102,1439.44274603274,19843.6367369639,18409.945661054,0.028976560916292,7.25182416964959,1433.69107590945,24926.5177796587,-1433.69107590985,7.22284760873329
Lagunillas,Santa Cruz,6393.60323106677,17770.1131113711,105921.172053485,94544.6621731826,5.69257536674799,15.8217056182945,11376.5098803043,177.935812860976,-11376.5098803028,10.1291302515465
Laja,La Paz,44170.8681426031,51387.3643215261,24932.1237361816,17715.6275572562,63.9203411338315,74.3634434984635,7216.49617892306,16.3376824644357,-7216.49617892544,10.443102364632
Las Carretas,Chuquisaca,1651.56251932372,1767.70243911132,97744.7676520922,97628.6277323054,1.66159305527225,1.77843833475822,116.1399197876,7.03212372699984,-116.139919786787,0.116845279485967
Licoma (Villa Libertad),La Paz,1479.8278081543,2626.62879901124,13468.9271543208,12322.1261634639,9.89933818481217,17.5708867099949,1146.80099085693,77.4955697235657,-1146.80099085695,7.67154852518271
Llallagua,Potosi,1233.08878388668,6667.74520581651,52214.8764796831,46780.220057752,2.30708274450844,12.4752086874323,5434.65642192983,440.735208441346,-5434.65642193105,10.1681259429239
Llica,Potosi,20088.4998306206,27611.3755311944,689827.247579421,682306.473544522,2.82969224543261,3.8893761534723,7522.87570057383,37.4486684620762,-7520.77403489861,1.05968390803969
Loreto,Beni,60535.7650943556,63845.6541611663,475757.800972073,472447.911905255,11.2878037188418,11.904982308376,3309.88906681079,5.46765876610588,-3309.88906681794,0.617178589534239
Luribay,La Paz,977.17003084717,5531.70704148566,49652.0040493442,45097.4670387084,1.93005327185356,10.9259278706062,4554.53701063849,466.094627021039,-4554.53701063572,8.99587459875264
Machacamarca,Oruro,1803.40892149057,3400.05217491457,33461.8269193651,31865.1836659417,5.11384336015491,9.64137086806454,1596.643253424,88.5347318845649,-1596.64325342346,4.52752750790963
Macharetí,Chuquisaca,6659.02479610596,31954.3370584779,781615.877313142,756320.648915271,0.844759204978859,4.05370430713401,25295.3122623719,379.865115942563,-25295.2283978713,3.20894510215515
Magdalena,Beni,13827.9093243711,53911.8290968597,1352474.76277615,1312390.84300368,1.01206779484025,3.94581890218923,40083.9197724886,289.876935350178,-40083.9197724664,2.93375110734898
Mairana,Santa Cruz,5734.82618399037,9626.45477181989,86551.7402715275,82660.1116836984,6.21415055760532,10.4310466209183,3891.62858782952,67.8595734722282,-3891.62858782907,4.21689606331301
Malla,La Paz,1173.14423568726,4154.88274171755,31646.5406604976,28664.8021544673,3.57451401315443,12.659727705675,2981.7385060303,254.166403015527,-2981.73850603032,9.08521369252058
Mapiri,La Paz,2965.64978111572,18262.1673938655,142462.190552343,127165.672939565,2.03925862772606,12.5575456198723,15296.5176127498,515.7897507033,-15296.5176127782,10.5182869921462
Mecapaca,La Paz,2526.54485413208,8451.75362057493,50454.8153656598,44529.6065992167,4.76874290061782,15.952315277511,5925.20876644286,234.518249567285,-5925.20876644312,11.1835723768932
Mineros,Santa Cruz,20884.3681745358,39717.7660390744,21150.195530323,2316.79766578369,49.6837990782375,94.4883508675126,18833.3978645387,90.1793997651418,-18833.3978645394,44.8045517892751
Mizque,Cochabamba,6577.75812418817,29934.8077419735,182776.428053397,159419.378435589,3.47378542664974,15.8088967274813,23357.0496177854,355.09134232065,-23357.0496178082,12.3351113008316
Mocomoco,La Paz,8153.98218463124,9931.77795835616,44441.1807833841,42663.3850096581,15.5032929351125,18.8834436436601,1777.79577372492,21.802791979062,-1777.79577372594,3.38015070854757
Mojinete,Potosi,9.14756860961914,36.2444154663086,35598.5373484044,35571.4405014495,0.0256898718098021,0.101788182946683,27.0968468566895,296.219115844572,-27.0968469548316,0.0760983111368804
Monteagudo,Chuquisaca,14149.4263356685,32353.2568958424,324662.120501195,306458.289941031,4.17619365920884,9.54904199632233,18203.8305601739,128.654195077046,-18203.830560164,5.3728483371135
Montero,Santa Cruz,20402.5944784731,27423.4274419362,11122.2717693965,4101.43880593258,64.719051678298,86.9898296358042,7020.83296346313,34.411471398262,-7020.83296346397,22.2707779575062
Moro Moro,Santa Cruz,567.02881026001,3800.04684574592,66837.2564450562,63604.2384095711,0.841235550695627,5.63769325845075,3233.01803548591,570.168213146598,-3233.01803548505,4.79645770775513
Morochata,Cochabamba,2537.50457564697,14021.8121824218,69682.4022023494,58198.0945955776,3.51358051935354,19.4154393268939,11484.3076067748,452.582734903907,-11484.3076067719,15.9018588075404
Nazacara de Pacajes,La Paz,781.132345880126,1067.384948407,1036.79703095703,750.544428430179,42.9682448522365,58.7143242200107,286.252602526878,36.6458518888177,-286.25260252685,15.7460793677742
Nuestra Señora de La Paz,La Paz,7287.92166390921,12579.3181690106,191544.246391419,186252.849887239,3.66536347472771,6.32660111891547,5291.39650510137,72.6050134609033,-5291.39650417952,2.66123764418776
Nuevo Manoa (Nueva Esperanza),Pando,134.79565189209,3273.33005516805,366621.754424372,363483.308158495,0.0367534409035258,0.892507377947196,3138.53440327596,2328.36472039061,-3138.44626587752,0.855753937043671
Ocuri,Potosi,6304.00441408085,15408.6026843322,87737.0402123603,78632.441942106,6.70346064223577,16.3849760979795,9104.59827025131,144.425632855125,-9104.59827025427,9.68151545574378
Okinawa Uno,Santa Cruz,53010.2093961715,91653.1392038935,51302.2378433124,12659.3080355896,50.8186806071848,87.8640484711034,38642.929807722,72.8971461307091,-38642.9298077229,37.0453678639186
Omereque,Cochabamba,1843.62482907102,8498.42679062502,74073.9605153385,67419.1585537867,2.42845556890039,11.1942796284558,6654.801961554,360.962917000161,-6654.8019615518,8.76582405955539
Oruro,Oruro,2871.57433571169,10905.8208860356,26474.6731762848,18440.4266259648,9.78514999077077,37.1625737892926,8034.24655032389,279.78542816767,-8034.24655031998,27.3774237985218
Padcaya,Tarija,7952.71162105092,16875.6069663211,434210.40510052,425287.758046666,1.79859159285928,3.81659999485155,8922.89534527018,112.199407830295,-8922.64705385373,2.01800840199227
Padilla,Chuquisaca,2600.26393406371,11533.0470940186,159430.221212414,150497.438052449,1.60479920288644,7.11782544105407,8932.7831599549,343.533709902851,-8932.78315996469,5.51302623816762
Pailón,Santa Cruz,23828.3555436466,939937.517296751,1349217.3564656,433108.194712599,1.73543789075875,68.4563892575159,916109.161753104,3844.61764503663,-916109.161752999,66.7209513667572
Palca,La Paz,2551.02713096317,9066.70574313332,71390.2146101565,64874.5359979853,3.4500734243749,12.2620414935382,6515.67861217015,255.41392849515,-6515.67861217126,8.81196806916327
Palos Blancos,La Paz,5501.43182158205,42471.8452513135,373622.738482804,336652.32505308,1.4510897095179,11.2026213515254,36970.4134297315,672.014388775973,-36970.4134297239,9.75153164200751
Pampa Aullagas,Oruro,4793.64367903447,32144.0985356057,107294.154723656,79943.6998670808,4.27668644343666,28.6776071915739,27350.4548565713,570.556693151631,-27350.4548565751,24.4009207481373
Pampa Grande,Santa Cruz,7429.94670133066,11764.1681431152,135545.385939701,131211.164497911,5.19666334330905,8.22811035009228,4334.22144178451,58.3344890079531,-4334.22144178936,3.03144700678322
Papel Pampa,La Paz,55043.7233607559,67332.4277864532,35879.8635223893,23591.1590967053,60.5384424962227,74.0538622535634,12288.7044256973,22.3253509671889,-12288.704425684,13.5154197573407
Paria,Oruro,2927.90172734987,15064.4301133551,133906.170192788,121769.641806772,2.13974610728438,11.009268307201,12136.5283860053,414.512832607616,-12136.5283860167,8.86952219991661
Pasorapa,Cochabamba,3564.94708450928,10468.8358091613,235371.468434505,228467.579709851,1.49200659797526,4.38143168190631,6903.88872465203,193.660342243267,-6903.88872465433,2.88942508393105
Patacamaya,La Paz,25908.4177674324,29352.6785491029,30844.0561694962,27399.795387826,45.6516094720832,51.7205269002433,3444.26078167049,13.2939834944302,-3444.26078167011,6.06891742816014
Pazña,Oruro,3179.01801918944,10691.2141906859,101084.890578776,93572.6944072791,3.0490109779478,10.2539932891932,7512.19617149646,236.305554927677,-7512.19617149726,7.20498231124543
Pelechuco,La Paz,802.547441180422,6760.14885091551,251196.173501921,245239.004683864,0.318472276562488,2.68260776121318,5957.60140973509,742.33635347119,-5957.16881805705,2.36413548465069
Pocoata,Potosi,4540.55682260145,15587.3050292538,114654.050754934,103607.302548296,3.80936429498109,13.0771897706131,11046.7482066523,243.290605937693,-11046.7482066376,9.26782547563199
Pocona,Cochabamba,6304.75633622454,18810.6152718584,77490.0845822381,64984.2256466,7.52403879179083,22.4484169498731,12505.8589356338,198.355943809919,-12505.8589356381,14.9243781580822
Pojo,Cochabamba,1598.48276479492,8263.19586067508,237527.413872763,230862.700776887,0.668469114918882,3.45558384803442,6664.71309588016,416.939940965532,-6664.71309587578,2.78711473311554
Poopó,Oruro,2044.8788310242,4295.43979660034,69039.2623369262,66788.7013713509,2.8767018879679,6.04275401801854,2250.56096557615,110.058402064289,-2250.56096557529,3.16605213005064
Porco,Potosi,1909.60976225586,1349.09207660524,112830.264009599,113390.781695246,1.66429480831822,1.17578312774491,-560.517685650619,-29.3524727789656,560.517685647152,-0.488511680573307
Poroma,Chuquisaca,5194.56554492193,13309.9461629027,134170.56905532,126055.188437348,3.72730637388047,9.55041316544515,8115.38061798081,156.228284113465,-8115.38061797196,5.82310679156467
Porongo (Ayacucho),Santa Cruz,22767.9009040293,31827.8431883311,71650.8859366292,62590.9436523282,24.1137401420467,33.7092270016598,9059.94228430175,39.7926111963109,-9059.94228430098,9.59548685961311
Portachuelo,Santa Cruz,43041.9103068031,78003.0531277953,64661.9029751233,29700.760154149,39.9632185669566,72.4236689035335,34961.1428209922,81.2258158891855,-34961.1428209743,32.4604503365769
Porvenir,Pando,6640.77430917353,34288.2658588195,100602.174361605,72954.8583326567,6.19226621149861,31.9724608149235,27647.491549646,416.329335442915,-27647.3160289487,25.7801946034249
Postrer Valle,Santa Cruz,1491.6411755798,5278.53269891348,114265.643632876,110478.75210955,1.28859378314551,4.5600004420003,3786.89152333368,253.874161248044,-3786.8915233258,3.27140665885479
Potosí,Potosi,9600.40656883566,11697.0793141788,113564.041035929,111467.368290591,7.79478717725705,9.49712318908317,2096.67274534314,21.8394161779487,-2096.67274533756,1.70233601182612
Presto,Chuquisaca,1897.64011542968,6253.43255636603,131004.744812106,126648.952371172,1.42784504316033,4.70528242196374,4355.79244093636,229.537329313366,-4355.79244093352,3.27743737880341
Pucara,Santa Cruz,1615.32709298092,3848.70883306892,66645.4724101035,64412.090670019,2.36640517652878,5.63824165712389,2233.381740088,138.261888244969,-2233.38174008449,3.2718364805951
Pucarani,La Paz,33408.2433539935,51937.388763842,59969.4418822876,41440.2964724416,35.7775449985272,55.6207713142805,18529.1454098484,55.462794656737,-18529.145409846,19.8432263157533
Puerto Acosta,La Paz,13128.4719118348,11700.7094695437,28308.4012880368,29736.1637303275,31.6830660665668,28.2374333920062,-1427.76244229115,-10.8753132266983,1427.76244229065,-3.44563267456056
Puerto Carabuco,La Paz,6836.36647043449,8447.58389732658,34274.1031839586,32662.8857570709,16.6292589890273,20.5484976657837,1611.21742689209,23.5683302505825,-1611.21742688762,3.91923867675639
Puerto Gonzales Moreno,Pando,1168.74508079223,6374.92450053098,127802.963335696,122596.783915955,0.906202682078151,4.94288598546323,5206.17941973875,445.450381379125,-5206.17941974125,4.03668330338508
Puerto Perez,La Paz,4596.77469936511,7773.95722285768,7977.43219572099,4800.2496722288,36.5571740446031,61.8246326604937,3177.18252349257,69.1176472915105,-3177.1825234922,25.2674586158906
Puerto Quijarro,Santa Cruz,1044.86054537964,6086.17744212649,143377.390016669,138336.158069088,0.723476155033837,4.21415248589018,5041.31689674685,482.487057152219,-5041.23194758064,3.49067633085634
Puerto Rico,Pando,2105.96173074951,9732.28635874632,527026.942301976,519400.617674003,0.398002413892458,1.8392895782085,7626.32462799681,362.130257005316,-7626.32462797326,1.44128716431604
Puerto Siles,Beni,4842.89243596185,15883.1601338247,202197.609636186,191157.341938325,2.33910388909038,7.6715231922543,11040.2676978629,227.968468097313,-11040.2676978603,5.33241930316392
Puerto Suárez,Santa Cruz,3116.20255997319,61616.3032630551,1244290.59533473,1185791.42019274,0.249814291865592,4.93954800058109,58500.1007030819,1877.28812800877,-58499.1751419841,4.6897337087155
Puerto Villarroel,Cochabamba,28023.8410100526,83178.2645987171,196003.629517685,140849.205929041,12.5091092373794,37.128600525091,55154.4235886645,196.812505355278,-55154.4235886448,24.6194912877116
Puna,Potosi,28831.8599976273,34692.5897324932,111920.248734807,106059.518999932,20.4841407047306,24.648007084885,5860.72973486591,20.3272689842009,-5860.72973487474,4.16386638015432
Punata,Cochabamba,5780.24319597153,7256.98295343036,2799.59674932252,1322.85699186401,67.3700585655089,84.5817987247007,1476.73975745883,25.5480558065105,-1476.73975745851,17.2117401591918
Quiabaya,La Paz,641.522210583498,2732.573696698,12608.2704804564,10517.2189943419,4.84175281487479,20.6235203856879,2091.0514861145,325.951533963662,-2091.05148611444,15.7817675708131
Quillacollo,Cochabamba,2271.15958574829,10321.4265711546,53690.8816053394,45640.6146199345,4.05839304179989,18.4436206247568,8050.26698540634,354.456244991431,-8050.2669854049,14.385227582957
Quime,La Paz,1743.66671085205,4849.11529397581,85713.5131472734,82608.0645640134,1.99373763672766,5.54455940821518,3105.44858312376,178.09874810343,-3105.44858326005,3.55082177148752
Quirusillas,Santa Cruz,1636.00512676393,2615.83413080442,27036.5013466861,26056.672342645,5.70583226924661,9.1231442679302,979.829004040488,59.8915607299238,-979.829004041017,3.41731199868359
Ravelo,Potosi,9295.33768543711,24287.2902647218,114701.554360482,99709.6017811969,7.49642796046437,19.5870153388423,14991.9525792846,161.284647063144,-14991.9525792852,12.0905873783779
Reyes,Beni,59481.1113922617,74784.384630429,1199650.21966221,1184346.94642466,4.72397993166039,5.9393633361314,15303.2732381673,25.7279544379162,-15303.2732375562,1.21538340447101
Riberalta,Beni,15022.4265821472,56981.522442768,955808.196548847,913849.100688231,1.54737873159572,5.86935775253963,41959.0958606208,279.309708263014,-41959.0958606164,4.32197902094391
Roboré,Santa Cruz,2595.14928613278,62509.154212435,731044.506898201,671130.501971953,0.353736233347878,8.52041648587279,59914.0049263023,2308.69203735036,-59914.0049262473,8.16668025252491
Rurrenabaque,Beni,1909.07842429199,47780.1824542409,249809.616741457,203938.512711448,0.758417416328543,18.9815787908762,45871.1040299489,2402.78782926169,-45871.1040300084,18.2231613745477
Sabaya,Oruro,6983.76601967774,11188.0831814944,353485.555568324,349281.069410476,1.93740880689681,3.10375606374246,4204.31716181663,60.2012889602885,-4204.48615784763,1.16634725684565
Sacaba,Cochabamba,9305.55159593499,25086.6065286074,60755.2781243707,44974.2231916986,13.2821030425764,35.8068932793933,15781.0549326724,169.587528154335,-15781.0549326721,22.5247902368169
Sacabamba,Cochabamba,4776.65288813474,10058.7901964354,13771.7620097535,8489.62470145265,25.7523508851345,54.229918037798,5282.13730830069,110.582398009736,-5282.13730830081,28.4775671526635
Sacaca,Potosi,3980.33532158811,22452.6187419129,85064.7166655377,66592.4332452089,4.47002414256952,25.2148976735508,18472.2834203248,464.088623893993,-18472.2834203288,20.7448735309813
Saipina,Santa Cruz,1485.60049118041,4461.59021934205,47466.9369212101,44490.9471930485,3.03477729594542,9.11411431394516,2975.98972816164,200.322344118034,-2975.98972816152,6.07933701799974
Salinas de Garci Mendoza,Oruro,47323.784622045,95137.6320713513,503796.422642019,455982.575192688,8.58683532163977,17.2625918660557,47813.8474493063,101.0355529068,-47813.8474493309,8.6757565444159
Samaipata,Santa Cruz,5143.50328724359,9581.07288599228,213801.122079496,209363.552480764,2.34922564489905,4.37602561375641,4437.56959874869,86.275235980782,-4437.56959873193,2.02679996885737
San Agustín,Potosi,1992.46882682489,11050.0773419492,208646.338511357,199588.729996244,0.945917256180611,5.24598362551858,9057.60851512432,454.592232168476,-9057.60851511359,4.30006636933797
San Andrés,Beni,174037.84791189,288115.503493836,762089.415252677,648011.759670733,18.5912594109862,30.7773862412536,114077.655581946,65.5476133212703,-114077.655581945,12.1861268302674
San Andrés de Machaca,La Paz,20034.9416288329,20740.0818173086,133319.566063893,132614.425875418,13.064462160432,13.5242726994794,705.140188475692,3.51955199839916,-705.140188474296,0.459810539047462
San Antonio de Esmoraca,Potosi,258.205698132324,729.282495770265,255264.117118679,254793.040321014,0.101050152990914,0.285408526241826,471.076797637941,182.442448422081,-471.076797665155,0.184358373250913
San Antonio de Lomerío,Santa Cruz,1185.47548807983,13800.6256179932,249243.154447897,236628.004318036,0.473378578313072,5.51080186858767,12615.1501299133,1064.14263784962,-12615.150129861,5.0374232902746
San Benito,Cochabamba,4126.3138511597,6358.2732202271,10019.8806485166,7787.92127944942,29.1690733592991,44.9468810878607,2231.95936906741,54.0908774653705,-2231.95936906714,15.7778077285617
San Borja,Beni,239493.13255384,326139.982368961,1105021.1488731,1018374.29905789,17.8126135112277,24.2570857650428,86646.8498151213,36.1792628002151,-86646.8498152022,6.44447225381514
San Buenaventura,La Paz,5891.45119223024,28724.341171893,276398.60609162,253565.716111964,2.08702043880569,10.1754703825821,22832.8899796628,387.559690043351,-22832.8899796556,8.08844994377645
San Carlos,Santa Cruz,44363.5144862555,83943.6686403625,76936.90179881,37356.7476447031,36.5732582335066,69.2031167008432,39580.154154107,89.2178056956456,-39580.154154107,32.6298584673366
San Ignacio,Beni,198063.491732675,216442.531370803,1800755.5588855,1782376.51924732,9.90902561547131,10.8285205358569,18379.0396381276,9.27936768020514,-18379.0396381756,0.919494920385553
San Ignacio de Velasco,Santa Cruz,11460.4012158876,744377.808175091,4882626.93140509,4149710.74036076,0.234168252364818,15.2097331462828,732917.406959203,6395.21595407287,-732916.191044322,14.975564893918
San Javier,Beni,203788.416998876,294672.33746037,613975.309302014,523091.388840436,24.9202074443558,36.0339212884062,90883.9204614944,44.5971963470307,-90883.9204615777,11.1137138440504
San Javier,Santa Cruz,20621.3461025021,132447.054529077,317755.368442258,205929.660015657,6.09419774355494,39.1418938821711,111825.708426575,542.281322813384,-111825.708426601,33.0476961386162
San Joaquín,Beni,101922.959021953,181028.278351745,767477.885110531,688372.653237998,11.7233551654449,20.8221859183802,79105.3193297925,77.6128559147837,-79105.2318725324,9.0988307529353
San José de Chiquitos,Santa Cruz,23894.8493750307,420856.991048358,1885287.62982324,1488325.48814994,1.25157493510337,22.0438326683725,396962.141673327,1661.28748268294,-396962.141673306,20.7922577332692
San Juan de Yapacaní,Santa Cruz,39644.9673673774,88197.3853477058,118232.740101016,69680.3221207001,25.1111876420641,55.8643691766019,48552.4179803284,122.468048795219,-48552.4179803158,30.7531815345377
San Julian,Santa Cruz,60746.0485469395,488039.930037792,512279.758089453,84985.8765988201,10.6009271909608,85.1689268415943,427293.881490852,703.410166935673,-427293.881490633,74.5679996506336
San Lorenzo,Pando,4529.27897091676,11560.3343702392,311468.685946145,304437.630546827,1.43332536084704,3.65835722178566,7031.05539932244,155.235644447383,-7031.05539931799,2.22503186093863
San Lucas,Chuquisaca,10872.9943328859,17426.8213074895,371573.832115854,365020.005141225,2.84300812059248,4.55666516292203,6553.82697460357,60.2761923160505,-6553.82697462844,1.71365704232955
San Matías,Santa Cruz,4042.24545268557,92475.1051293395,2697835.43355364,2609412.38305741,0.149608217428729,3.4226112498637,88432.8596766539,2187.71622633409,-88423.0504962229,3.27300303243497
San Miguel de Velasco,Santa Cruz,3127.55409644165,147109.450434269,951211.276741759,807229.380403883,0.327719463504875,15.4148029694097,143981.896337827,4603.65806307369,-143981.896337876,15.0870835059048
San Pablo de Huacareta,Chuquisaca,10105.4845557556,19739.031506421,286220.019560421,276586.472609768,3.41026486596093,6.66126648979944,9633.5469506654,95.3298864345759,-9633.54695065302,3.25100162383852
San Pablo de Lipez,Potosi,4033.04937476197,6038.86656210328,1514694.94115639,1512701.74444702,0.265514991727962,0.397623301723048,2005.81718734131,49.7345061008508,-1993.19670936978,0.132108309995085
San Pedro,Santa Cruz,32615.1330251016,254028.028365021,275707.784496371,54294.8891564326,10.5782383247039,82.3902518849723,221412.89533992,678.8655289847,-221412.895339938,71.8120135602684
San Pedro (Conquista),Pando,628.743167413329,3194.22923199466,262119.549940182,259554.063875606,0.239294862766572,1.21569932737358,2565.48606458133,408.03402685644,-2565.48606457512,0.976404464607006
San Pedro de Buena Vista,Potosi,9667.30677650753,30990.5144729306,206996.64323299,185673.435536566,4.46188984188822,14.3034937153007,21323.207696423,220.57030142294,-21323.2076964238,9.84160387341246
San Pedro de Curahuara,La Paz,35818.5657815979,39908.7139132258,37063.006952574,32972.8588209462,49.146258015373,54.7583050365677,4090.14813162794,11.4190728812746,-4090.14813162789,5.61204702119465
San Pedro de Quemes,Potosi,2176.92315093383,6184.70771073004,434700.416186554,430692.631626759,0.498291615270107,1.4156622817995,4007.78455979621,184.103171399367,-4007.78455979505,0.917370666529393
San Pedro de Tiquina,La Paz,1436.28490322267,7397.24992800918,324531.97290454,318571.093729076,0.440621093870345,2.26931543260256,5960.96502478651,415.026643489155,-5960.87917546451,1.82869433873222
San Pedro de Totora,Oruro,22957.887314966,19463.4859879517,120379.174343756,123873.57567077,16.0167140649412,13.5788230641237,-3494.40132701432,-15.2209185412995,3494.40132701419,-2.43789100081755
San Rafael,Santa Cruz,1582.69231777344,122850.123504641,969922.261032621,848654.829845788,0.162911399711887,12.6453419594998,121267.431186868,7662.09766895621,-121267.431186833,12.4824305597879
San Ramón,Beni,163321.615569769,293457.186358867,844448.908418244,714313.337629143,16.206230652933,29.1194452877606,130135.570789098,79.6805556540102,-130135.570789101,12.9132146348276
San Ramón,Santa Cruz,1991.78006480115,20591.2264698051,47271.8646015584,28672.4181965534,4.04310334383616,41.798016791613,18599.446405004,933.810250122213,-18599.4464050049,37.7549134477769
Santa Ana de Yacuma,Beni,330610.27214291,411271.018664118,1675369.93531125,1594709.18879002,16.4812330108928,20.5022470877754,80660.7465212073,24.3975318729179,-80660.746521224,4.02101407688261
Santa Cruz de la Sierra,Santa Cruz,71132.5959362445,109711.029438699,55908.7342113275,17330.3007088687,55.9916964452564,86.3585333302648,38578.4335024545,54.234536213232,-38578.4335024588,30.3668368850084
Santa Rosa,Beni,173469.726314408,188580.96669446,1033367.48123503,1018256.24085508,14.3739126726669,15.6260484442115,15111.2403800527,8.71116862931123,-15111.2403799449,1.25213577154455
Santa Rosa del Abuná,Pando,665.984696331787,7315.46006882931,386619.107247199,379970.071828026,0.171962232724439,1.88890610836906,6649.47537249753,998.442668295913,-6649.03541917261,1.71694387564462
Santa Rosa del Sara,Santa Cruz,31233.9308052856,256510.261575288,380367.593227645,155091.262457624,7.5883904654315,62.3200465979756,225276.330770003,721.255138120111,-225276.330770021,54.7316561325441
Santiago de Andamarca,Oruro,7153.30826928092,22084.4720727039,252601.093717279,237669.929913857,2.75387374172433,8.50205883088228,14931.163803423,208.730887043456,-14931.1638034211,5.74818508915796
Santiago de Callapa,La Paz,30962.5168671687,25600.4293705701,91729.2248865164,97091.3123831158,25.2360235698086,20.8656499652317,-5362.08749659858,-17.3179962068403,5362.08749659939,-4.37037360457693
Santiago de Huari,Oruro,7741.1323806092,18028.3560883301,250775.464861802,240488.24115402,2.99444308921888,6.97377123196045,10287.2237077209,132.890424836157,-10287.2237077819,3.97932814274157
Santiago de Huata,La Paz,2905.1717316407,3798.14678234254,6416.14996624149,5523.17491553952,31.1669506299816,40.7468694402591,892.975050701844,30.7374273601903,-892.975050701965,9.5799188102775
Santiago de Huayllamarca,Oruro,26297.3784575008,25313.0431615359,60869.2566301428,61853.5919261076,30.1690875540389,29.0398305912398,-984.335295964895,-3.74309286211049,984.335295964869,-1.12925696279908
Santiago de Machaca,La Paz,5328.81014719846,8019.69669809574,120597.058467006,117906.171916112,4.23170410166015,6.36858557050359,2690.88655089728,50.4969491606297,-2690.88655089392,2.13688146884344
Santibañez,Cochabamba,2933.53396076654,7920.5517780214,27728.8827962215,22741.8649789674,9.56719747179741,25.8314660608613,4987.01781725486,170.000343747571,-4987.01781725411,16.2642685890639
Santos Mercado,Pando,124.428236950684,751.653283380127,663179.804633323,662555.663833802,0.0187587638899858,0.113319009753565,627.225046429444,504.085778116458,-624.140799521818,0.0945602458635789
Santuario de Quillacas,Oruro,2119.57917894288,24405.6718310404,95275.133788411,72989.0411363213,2.17627745322619,25.0585181551067,22286.0926520975,1051.43949674069,-22286.0926520897,22.8822407018805
Sapahaqui,La Paz,1123.41014438476,4781.46711621705,83068.6009652387,79410.5439934147,1.33434292586504,5.67924088425777,3658.05697183229,325.620788642212,-3658.056971824,4.34489795839274
Shinahota,Cochabamba,9922.80098183618,20528.0601232544,63131.511887426,52526.2527460089,13.5827723129694,28.0997237767345,10605.2591414182,106.877676583772,-10605.2591414171,14.5169514637651
Sica Sica,La Paz,43123.3138569404,81189.7259654585,130211.335770658,92144.9236621311,24.8786459888942,46.8398708163054,38066.4121085181,88.273392519883,-38066.4121085272,21.9612248274112
Sicaya,Cochabamba,638.286407202148,1534.6985897522,12605.5716057862,11709.1594232361,4.81948995961883,11.5880024404302,896.412182550048,140.44043119755,-896.412182550117,6.7685124808114
Sipe Sipe,Cochabamba,4654.81348412474,14285.2881265319,43277.8748010078,33647.4001586001,9.7111462983989,29.8028102274475,9630.47464240711,206.892814830323,-9630.47464240772,20.0916639290486
Sopachuy,Chuquisaca,3000.40076956787,5226.03197567138,59042.9301727701,56817.2989666677,4.83597628302129,8.4231969758817,2225.6312061035,74.1777974688377,-2225.63120610242,3.58722069286041
Sorata,La Paz,6182.75988378299,15567.0361776184,194213.782627287,184829.506333454,3.08526275269518,7.76811614739227,9384.27629383542,151.781347977783,-9384.27629383298,4.68285339469709
Sucre,Chuquisaca,9037.99928620607,15359.5393428711,172876.605336576,166555.065279911,4.96826481026482,8.4432689583778,6321.54005666503,69.944020313357,-6321.54005666476,3.47500414811298
Tacachi,Cochabamba,313.385535101318,583.353923352052,919.435545385745,649.467157135011,25.4201960091002,47.3186200808296,269.968388250734,86.1457719047091,-269.968388250735,21.8984240717294
Tacacoma,La Paz,848.633895526121,5259.26897485351,79904.0416928666,75493.4066135454,1.05090498778235,6.51281079732926,4410.63507932739,519.733550896286,-4410.63507932128,5.46190580954691
Tacobamba,Potosi,2515.79850124511,4226.07329321286,80785.7715004805,79075.4967085137,3.02010934631004,5.0732216609186,1710.27479196775,67.9813900485791,-1710.27479196689,2.05311231460857
Tacopaya,Cochabamba,1428.9512925232,6017.10522561638,53894.9415482431,49306.7876151504,2.58288276393712,10.8761421451936,4588.15393309319,321.085397179044,-4588.15393309277,8.29325938125649
Tahua,Potosi,2499.47907932746,5465.69317022084,311338.127137945,308374.183118905,0.7964185778053,1.74155471728059,2966.21409089338,118.673291384039,-2963.94401904015,0.945136139475289
Tapacarí,Cochabamba,5365.28868583377,21908.3782425662,159277.646195446,142734.556638717,3.25874213169399,13.3066008926307,16543.0895567324,308.335497405982,-16543.0895567297,10.0478587609367
Tarabuco,Chuquisaca,7686.48099075937,15469.8968214846,95232.9575110108,87449.5416802894,7.46844435089603,15.0310738638727,7783.41583072528,101.261108172679,-7783.41583072144,7.56262951297663
Taraco,La Paz,5479.93425213597,8725.93581454545,5444.16203129881,2198.1604688904,50.1637308016563,79.8778735388532,3246.00156240948,59.2343158340679,-3246.00156240842,29.7141427371969
Tarata,Cochabamba,4166.32591427612,8647.50666910449,29618.9674062089,25137.7866513804,12.3317736944138,25.5954760761579,4481.18075482837,107.557134200024,-4481.18075482852,13.2637023817441
Tarija,Tarija,16674.4439693543,29427.6912403146,196566.968008804,183813.720737833,7.81951489378726,13.8001765076149,12753.2472709603,76.4837933690578,-12753.2472709713,5.98066161382766
Tarvita (Villa Arias),Chuquisaca,1951.71776026001,6927.04970646992,131451.188396077,126475.856449865,1.46302491939175,5.19257781262434,4975.33194620992,254.920667706949,-4975.33194621227,3.72955289323259
Teoponte,La Paz,5274.89228950195,23712.7907527587,131729.831434322,113291.932971077,3.85015359042302,17.3080096132723,18437.8984632567,349.540757447345,-18437.898463245,13.4578560228493
Tiahuanacu,La Paz,17608.4493436213,25357.8443725968,17013.3603584528,9263.9653294794,50.8594134597372,73.2424000674816,7749.39502897553,44.0095256416363,-7749.39502897344,22.3829866077444
Tinguipaya,Potosi,11687.031036603,11508.9532260622,134530.344541315,134708.42235185,7.99291533609497,7.87112556259063,-178.077810540797,-1.52372155069212,178.077810534945,-0.121789773504339
Tipuani,La Paz,1397.14882710571,3998.46991262207,28493.5591778061,25892.2380922904,4.67419114621215,13.3769662196189,2601.32108551636,186.187830175914,-2601.32108551563,8.70277507340675
Tiquipaya,Cochabamba,531.831301391603,6017.10717346802,33833.852404288,28348.5765322116,1.54756502430274,17.5090570727495,5485.27587207642,1031.39395099978,-5485.27587207637,15.9614920484468
Tiraque,Cochabamba,6834.35797694718,22194.1598034125,193305.104390608,177945.302564132,3.41479780953739,11.0893471686529,15359.8018264653,224.743887842503,-15359.8018264761,7.67454935911555
Tito Yupanki,La Paz,708.465005096446,565.362969543468,732.083056506351,875.271032775881,49.1773069326319,39.2440389879221,-143.102035552978,-20.1988855516578,143.18797626953,-9.93326794470977
Todos Santos,Oruro,33.1793504394531,333.571433239731,23596.4374050731,23296.0453222723,0.140414255477557,1.41166670916032,300.392082800278,905.3585402416,-300.392082800852,1.27125245368276
Toko,Cochabamba,3736.31477758804,4963.57013202531,2632.87693681029,1405.62158237303,58.6623066964942,77.9309267894158,1227.25535443727,32.8466798835808,-1227.25535443725,19.2686200929216
Tolata,Cochabamba,1411.11294828491,2894.38535101318,6968.72843971564,5485.45603698732,16.8393753884834,34.5398584173418,1483.27240272827,105.113655468265,-1483.27240272831,17.7004830288584
Toledo,Oruro,35447.498860175,77658.926340136,260042.400446426,217830.972966435,11.9961795456821,26.2814148714995,42211.4274799611,119.081539847048,-42211.427479991,14.2852353258174
Tomave,Potosi,10466.6570935182,37394.757288231,811438.040688665,784509.940494011,1.27346359276949,4.54976804356197,26928.1001947128,257.27507793667,-26928.100194654,3.27630445079248
Tomayapo (El Puente),Tarija,5077.22240936284,7169.20636049192,200524.352981124,198432.369029994,2.4694472305088,3.48694135581204,2091.98395112908,41.2033151683739,-2091.98395113004,1.01749412530324
Tomina,Chuquisaca,1647.23019466553,6718.14508660282,81060.1628968692,75989.2480049337,1.99163597484265,8.12278665241874,5070.9148919373,307.844945312392,-5070.91489193552,6.13115067757609
Toro Toro,Potosi,5137.68207813113,21067.7792648801,112362.573866364,96432.4766796196,4.37248586127171,17.9299858502703,15930.097186749,310.063895439472,-15930.0971867446,13.5574999889985
Totora,Cochabamba,2753.69756825562,17657.1627336917,213175.703515272,198272.238349852,1.27527680549181,8.17728509646544,14903.4651654361,541.216484237117,-14903.4651654205,6.90200829097362
Trigal,Santa Cruz,4454.45718560184,5530.47342815544,35415.0318157832,34339.0155732296,11.1725966325957,13.8714429672357,1076.0162425536,24.1559453311532,-1076.01624255356,2.69884633464005
Trinidad,Beni,68617.5172658466,80703.2681141342,185019.54904832,172933.798200057,27.05342648178,31.8184046546901,12085.7508482876,17.613215006692,-12085.7508482623,4.76497817291009
Tupiza,Potosi,9175.81890928953,8469.78838165279,610457.312859274,611163.343386887,1.4808470430075,1.36690372857865,-706.030527636736,-7.6944688492267,706.030527612777,-0.113943314428854
Turco,Oruro,5117.34545815433,5035.51531796268,479569.520096591,479651.350236767,1.05580444237896,1.03892134815732,-81.8301401916524,-1.59907398984094,81.8301401765202,-0.0168830942216347
Umala,La Paz,44539.5772437658,55464.916226844,40972.7715769905,30047.4325939149,52.0855500497664,64.8618790054558,10925.3389830781,24.5295075956459,-10925.3389830755,12.7763289556894
Uncía,Potosi,1053.71636666871,8919.50692518911,89760.2620177255,81894.4714592029,1.16030195506751,9.8217334862648,7865.7905585204,746.480818494622,-7865.7905585226,8.66143153119729
Uriondo,Tarija,7087.52278076172,14240.8537961304,73067.1557639076,65913.8247485742,8.84230703615375,17.7667156237024,7153.33101536873,100.928508262233,-7153.33101533346,8.92440858754862
Urubichá,Santa Cruz,1371.33861480103,20860.5403244328,1046483.97923934,1026994.7775297,0.130870988717157,1.99078441164496,19489.2017096317,1421.18084470767,-19489.2017096478,1.85991342292781
Uyuni (Thola Pampa),Potosi,55579.6446902525,116971.945477482,749852.773366127,688460.472578965,6.90059692709836,14.5228752723589,61392.3007872291,110.458246232718,-61392.3007871624,7.6222783452605
Vacas,Cochabamba,6991.76665280785,15427.2966995911,29056.0577489293,20620.5277021487,19.3958075663254,42.7967483631176,8435.53004678327,120.649479104049,-8435.53004678062,23.4009407967922
Vallegrande,Santa Cruz,9904.31964116836,21667.0176543336,309090.174477568,297327.47646439,3.10485598459319,6.79228577728039,11762.6980131652,118.763311760177,-11762.6980131777,3.6874297926872
Viacha,La Paz,59956.2993923175,67233.0321164523,25024.0607447799,17747.3280206558,70.5531246226669,79.1159651570997,7276.73272413479,12.1367275797332,-7276.73272412413,8.56284053443282
Vila Vila,Cochabamba,2626.27714362791,10291.4184526676,57458.0072270451,49792.8659180032,4.3709884725028,17.1283032833976,7665.14130903965,291.863382645561,-7665.14130904189,12.7573148108948
Villa Abecia,Chuquisaca,983.57052920532,1162.08155109253,69701.8938663512,69523.3828444647,1.39147494837305,1.64401770721841,178.511021887209,18.1492853421948,-178.511021886516,0.252542758845366
Villa Alcalá,Chuquisaca,1021.80661589966,2956.1265753418,30264.1026921089,28329.7827326668,3.26602818489312,9.4487475055906,1934.31995944214,189.30391811361,-1934.31995944217,6.18271932069749
Villa Azurduy,Chuquisaca,2313.15794905397,7151.56132719732,167749.60268855,162911.199310404,1.36017899531997,4.20524828621186,4838.40337814335,209.16874181126,-4838.40337814603,2.84506929089189
Villa Charcas,Chuquisaca,5560.1406110535,9475.72769061312,63370.4229064538,59454.8358268958,8.06629211676372,13.7467724142516,3915.58707955962,70.4224470830013,-3915.58707955801,5.68048029748792
Villa Huanuni,Oruro,597.168177923584,1815.35286310427,54542.0640093887,53323.8793242086,1.08301866789686,3.29230711254257,1218.18468518068,203.993570021838,-1218.18468518002,2.20928844464572
Villa Mojocoya,Chuquisaca,6592.00638377072,15289.5571860961,118145.864360092,109448.313557775,5.28468727617357,12.2573498288188,8697.55080232534,131.940873475766,-8697.55080231636,6.97266255264519
Villa Nueva (Loma Alta),Pando,881.19631817017,2015.1775878601,280973.973712704,279839.992443021,0.312641530781091,0.71496917641756,1133.98126968993,128.686564651641,-1133.98126968299,0.40232764563647
Villa Rivero,Cochabamba,5165.28750267963,7164.85519176034,5115.52230399793,3115.95461491702,50.2420295658489,69.6915449900336,1999.56768908071,38.7116436024787,-1999.56768908091,19.4495154241847
Villa San Lorenzo,Tarija,11888.4139928405,16324.5360025636,185055.398327129,180619.276317409,6.03644961108283,8.28893063979146,4436.12200972309,37.3146662994293,-4436.12200972001,2.25248102870863
Villa Serrano,Chuquisaca,3806.15190784306,9373.93968234864,167569.219782253,162001.432007726,2.22094450929965,5.4698289432749,5567.78777450558,146.283908506974,-5567.78777452704,3.24888443397525
Villa Tunari,Cochabamba,46059.1316084892,128247.066303611,1370490.27778521,1288302.34309006,3.25150194571774,9.05348344739379,82187.9346951215,178.440043971592,-82187.9346951449,5.80198150167606
Villa Vaca Guzmán (Muyupampa),Chuquisaca,12257.5124945183,24479.773436883,367246.018854661,355023.757912284,3.22988101084103,6.45047316156859,12222.2609423647,99.7124085970189,-12222.2609423776,3.22059215072756
Villamontes,Tarija,18259.3438839906,67364.3904043576,1161328.02801992,1112222.9814996,1.54794331635809,5.71084363980818,49105.046520367,268.931057065097,-49105.0465203184,4.16290032345009
Villazón,Potosi,10879.9113288817,12651.7673803467,235895.89471626,234124.204654014,4.40882414821959,5.12682303550408,1771.85605146499,16.2855743756057,-1771.69006224556,0.717998887284488
Vinto,Cochabamba,829.288781091312,6837.27740589596,20913.2200536745,14905.2314288698,3.8141356519322,31.4465890659467,6007.98862480465,724.474846614754,-6007.98862480471,27.6324534140146
Vitichi,Potosi,13594.0029767207,11457.1959898739,161893.841348071,164030.648334916,7.74640718223252,6.52876900617066,-2136.80698684678,-15.7187473807825,2136.80698684524,-1.21763817606186
Waldo Ballivian,La Paz,4424.42586023552,6051.94456847528,7845.87833125006,6218.35962301023,36.0579965352909,49.3218788550881,1627.51870823976,36.7848566040414,-1627.51870823983,13.2638823197972
Warnes,Santa Cruz,90087.6148613637,116217.88174113,41549.7903717469,15419.5234919861,68.4361824831109,88.2863662766068,26130.2668797664,29.0053931608451,-26130.2668797608,19.8501837934959
Yaco,La Paz,4458.3395339783,18793.7350380859,55176.6123867493,40841.2168826413,7.47605119210081,31.5146309886665,14335.3955041076,321.541134201498,-14335.3955041079,24.0385797965657
Yacuiba,Tarija,23418.7931385129,117166.033117162,336506.410681645,242759.668791103,6.50656316410433,32.5528386819745,93747.239978649,400.307733298515,-93746.7418905419,26.0462755178702
Yamparáez,Chuquisaca,5276.11399265757,7810.90317712405,54581.9176104888,52047.1284260221,8.81437937625105,13.049047835234,2534.78918446648,48.0427297058779,-2534.78918446677,4.234668458983
Yanacachi,La Paz,1860.90220614625,2723.25888986207,55789.6273882026,54927.2707044875,3.22790132066483,4.72373612007371,862.35668371582,46.3407846402459,-862.356683715123,1.49583479940888
Yapacaní,Santa Cruz,71832.9173234438,189549.725903547,879814.567436677,762097.758856668,7.54826955083589,19.9180609352745,117716.808580103,163.87585659379,-117716.808580009,12.3697913844386
Yocalla,Potosi,5608.61236832881,4794.9499698119,82324.5301067621,83138.1925052746,6.37826900126716,5.45294963292187,-813.662398516919,-14.5073744641647,813.662398512432,-0.925319368345288
Yotala,Chuquisaca,3021.56036174927,3634.39357682495,42233.8820575001,41621.0488424244,6.67667842854642,8.03084310425185,612.833215075682,20.2820113353915,-612.833215075778,1.35416467570544
Yunchará,Tarija,2729.35770716553,2915.78019649658,180540.283675125,180353.944180874,1.48925795160598,1.59097756402618,186.422489331051,6.83026958473147,-186.339494250657,0.101719612420193
Yunguyo del Litoral,Oruro,388.123288854976,483.093384167478,17160.2617460512,17065.2916507389,2.21173223680097,2.75292218176506,94.9700953125018,24.4690535300467,-94.9700953122738,0.541189944964091
Zudánez,Chuquisaca,1683.60789561768,5581.55434944459,68418.3518920779,64520.4054382514,2.4016559604275,7.96205179762213,3897.94645382691,231.523412545939,-3897.94645382647,5.56039583719463
