variable,type,n_obs,pct_filled,group
year,integer,35,100,00_id
bob_per_usd,numeric,24,68.6,01_macro
bob_per_usd_idb,numeric,4,11.4,01_macro
cpi_2010base,numeric,24,68.6,01_macro
cpi_2015base,numeric,24,68.6,01_macro
cpi_index,numeric,24,68.6,01_macro
gdp_current_usd,numeric,24,68.6,01_macro
gdp_deflator,numeric,24,68.6,01_macro
gdp_per_capita_const2015,numeric,24,68.6,01_macro
gdp_per_capita_usd,numeric,24,68.6,01_macro
inflation_cpi,numeric,24,68.6,01_macro
inv_hidrocarb_usd_mm,numeric,35,100,01_macro
inv_infraestr_usd_mm,numeric,35,100,01_macro
inv_multisec_usd_mm,numeric,35,100,01_macro
inv_productivos_usd_mm,numeric,35,100,01_macro
inv_pub_total_usd_mm,numeric,35,100,01_macro
inv_sociales_usd_mm,numeric,35,100,01_macro
inv_agro_bob_mm_2015,numeric,24,68.6,02_gasto_vipfe
inv_agro_bob_mm_current,numeric,24,68.6,02_gasto_vipfe
inv_agro_pct_gdp,numeric,24,68.6,02_gasto_vipfe
inv_agro_pct_total,numeric,35,100,02_gasto_vipfe
inv_agro_usd_mm,numeric,35,100,02_gasto_vipfe
aper_agro_spend_bob_2015,numeric,9,25.7,03_aper_2011
aper_agro_spend_bob_current_aper,numeric,9,25.7,03_aper_2011
aper_agro_spend_pct_gdp,numeric,9,25.7,03_aper_2011
aper_agro_spend_usd,numeric,9,25.7,03_aper_2011
aper_agro_spend_usd_2015,numeric,9,25.7,03_aper_2011
aper_spend_administracion_general,numeric,9,25.7,03_aper_2011
aper_spend_fomento_produccion,numeric,9,25.7,03_aper_2011
aper_spend_investigacion_extension,numeric,9,25.7,03_aper_2011
aper_spend_riego_agua,numeric,9,25.7,03_aper_2011
aper_spend_sanidad_inocuidad,numeric,9,25.7,03_aper_2011
boost_fuente_credito_ext_mm,numeric,13,37.1,04_gasto_boost
boost_fuente_credito_int_mm,numeric,13,37.1,04_gasto_boost
boost_fuente_donacion_mm,numeric,13,37.1,04_gasto_boost
boost_fuente_rec_esp_mm,numeric,13,37.1,04_gasto_boost
boost_fuente_tgn_mm,numeric,13,37.1,04_gasto_boost
boost_gasto_capital_mm,numeric,13,37.1,04_gasto_boost
boost_gasto_corriente_mm,numeric,13,37.1,04_gasto_boost
boost_n_entidades,integer,13,37.1,04_gasto_boost
boost_pct_capital,numeric,13,37.1,04_gasto_boost
boost_presup_aprobado_mm,numeric,13,37.1,04_gasto_boost
boost_presup_ejecutado_mm,numeric,13,37.1,04_gasto_boost
boost_tasa_ejecucion,numeric,13,37.1,04_gasto_boost
mun_agro_strict_bob_mm,numeric,10,28.6,05_gasto_municipal
mun_agro_strict_bob_mm_2015,numeric,10,28.6,05_gasto_municipal
mun_p10_agropecuario_bob_mm,numeric,10,28.6,05_gasto_municipal
mun_p10_agropecuario_bob_mm_2015,numeric,10,28.6,05_gasto_municipal
mun_p10_corriente_bob_mm,numeric,10,28.6,05_gasto_municipal
mun_p10_inversion_bob_mm,numeric,10,28.6,05_gasto_municipal
mun_p10_pct_presup_total,numeric,10,28.6,05_gasto_municipal
mun_rural_infra_bob_mm,numeric,10,28.6,05_gasto_municipal
mun_rural_infra_bob_mm_2015,numeric,10,28.6,05_gasto_municipal
mun_rural_total_bob_mm,numeric,10,28.6,05_gasto_municipal
mun_rural_total_bob_mm_2015,numeric,10,28.6,05_gasto_municipal
emapa_bob_mm,numeric,25,71.4,06_emapa
emapa_bob_mm_2015,numeric,24,68.6,06_emapa
speed_ag_con_ppp,numeric,18,51.4,07_speed_ifpri
speed_ag_con_usd,numeric,18,51.4,07_speed_ifpri
speed_ag_pctaggdp,numeric,18,51.4,07_speed_ifpri
speed_ag_pctexp,numeric,18,51.4,07_speed_ifpri
speed_ag_pctgdp,numeric,18,51.4,07_speed_ifpri
BT_BOB_mm_agg,numeric,18,51.4,08_pse_idb
BT_agg_BOB_2015,numeric,18,51.4,08_pse_idb
CSEP_pct,numeric,18,51.4,08_pse_idb
CSE_BOB_2015,numeric,18,51.4,08_pse_idb
CSE_BOB_mm,numeric,18,51.4,08_pse_idb
CSE_USD_mm,numeric,4,11.4,08_pse_idb
GDP_BOB_mm,numeric,18,51.4,08_pse_idb
GDP_USD_mm,numeric,4,11.4,08_pse_idb
GHG_total_GgCO2e,numeric,5,14.3,08_pse_idb
GSSEP_pct,numeric,13,37.1,08_pse_idb
GSSE_BOB_2015,numeric,18,51.4,08_pse_idb
GSSE_BOB_mm,numeric,18,51.4,08_pse_idb
GSSE_USD_mm,numeric,4,11.4,08_pse_idb
GSSE_pct_total_support,numeric,18,51.4,08_pse_idb
MPS_BOB_2015,numeric,18,51.4,08_pse_idb
MPS_BOB_mm,numeric,18,51.4,08_pse_idb
MPS_USD_mm,numeric,4,11.4,08_pse_idb
NAC_producer,numeric,18,51.4,08_pse_idb
NPC_producer,numeric,18,51.4,08_pse_idb
PSEP_pct,numeric,18,51.4,08_pse_idb
PSE_BOB_2015,numeric,18,51.4,08_pse_idb
PSE_BOB_mm,numeric,18,51.4,08_pse_idb
PSE_USD_mm,numeric,4,11.4,08_pse_idb
TSEP_pct,numeric,18,51.4,08_pse_idb
TSE_BOB_2015,numeric,18,51.4,08_pse_idb
TSE_BOB_mm,numeric,18,51.4,08_pse_idb
TSE_USD_mm,numeric,4,11.4,08_pse_idb
pse_BT,numeric,18,51.4,08_pse_idb
pse_CO,numeric,18,51.4,08_pse_idb
pse_CSE,numeric,18,51.4,08_pse_idb
pse_CSEP,numeric,18,51.4,08_pse_idb
pse_CT,numeric,18,51.4,08_pse_idb
pse_GSSE,numeric,18,51.4,08_pse_idb
pse_GSSEA,numeric,18,51.4,08_pse_idb
pse_GSSEB,numeric,18,51.4,08_pse_idb
pse_GSSEC,numeric,18,51.4,08_pse_idb
pse_GSSED,numeric,18,51.4,08_pse_idb
pse_GSSEP,numeric,13,37.1,08_pse_idb
pse_PSE,numeric,18,51.4,08_pse_idb
pse_PSEP,numeric,18,51.4,08_pse_idb
pse_TSE,numeric,18,51.4,08_pse_idb
pse_TSEAO,numeric,18,51.4,08_pse_idb
pse_TSEP,numeric,18,51.4,08_pse_idb
avg_nrp,numeric,31,88.6,09_precios_nrp
n_commodities_nrp,numeric,33,94.3,09_precios_nrp
nrp_arroz,numeric,31,88.6,09_precios_nrp
nrp_maiz,numeric,31,88.6,09_precios_nrp
nrp_soya,numeric,31,88.6,09_precios_nrp
nrp_trigo,numeric,31,88.6,09_precios_nrp
pp_arroz_usd,numeric,31,88.6,09_precios_nrp
pp_maiz_usd,numeric,31,88.6,09_precios_nrp
pp_papa_usd,numeric,33,94.3,09_precios_nrp
pp_quinua_usd,numeric,31,88.6,09_precios_nrp
pp_soya_usd,numeric,31,88.6,09_precios_nrp
pp_trigo_usd,numeric,31,88.6,09_precios_nrp
bcb_cred_agro_mm_bs,numeric,15,42.9,10_credito_bcb
bcb_cred_agro_mm_usd,numeric,15,42.9,10_credito_bcb
bcb_cred_agro_pct_total,numeric,15,42.9,10_credito_bcb
bcb_cred_comercio_mm_bs,numeric,15,42.9,10_credito_bcb
bcb_cred_construccion_mm_bs,numeric,15,42.9,10_credito_bcb
bcb_cred_industria_mm_bs,numeric,15,42.9,10_credito_bcb
bcb_cred_total_mm_bs,numeric,15,42.9,10_credito_bcb
bcb_cred_total_mm_usd,numeric,15,42.9,10_credito_bcb
defor_nacional_ha,numeric,23,65.7,11_uso_suelo
gasto_usd_por_ha_antrop,numeric,35,100,11_uso_suelo
lc_antrop_growth_pct,numeric,34,97.1,11_uso_suelo
lc_antropico,numeric,35,100,11_uso_suelo
lc_antropico_delta_ha,numeric,35,100,11_uso_suelo
lc_antropico_share,numeric,35,100,11_uso_suelo
lc_natural,numeric,35,100,11_uso_suelo
lc_natural_delta_ha,numeric,35,100,11_uso_suelo
lc_natural_share,numeric,35,100,11_uso_suelo
lc_no_definido,numeric,35,100,11_uso_suelo
lc_total_ha,numeric,35,100,11_uso_suelo
mb_antropico_ha,numeric,35,100,11_uso_suelo
mb_natural_ha,numeric,35,100,11_uso_suelo
mb_no_definido_ha,numeric,35,100,11_uso_suelo
hansen_defor_ha,numeric,23,65.7,12_hansen
hansen_defor_pct_2000,numeric,23,65.7,12_hansen
hansen_forest_2000_ha,numeric,23,65.7,12_hansen
precip_fuente,character,35,100,13_clima
precip_interp_mm,numeric,34,97.1,13_clima
precip_nacional_mm,numeric,34,97.1,13_clima
tfp_index,numeric,34,97.1,14_tfp_usda
tfp_input,numeric,34,97.1,14_tfp_usda
tfp_output,numeric,34,97.1,14_tfp_usda
tfp_per_mbob,numeric,24,68.6,14_tfp_usda
fao_cereal_prod_ton,numeric,31,88.6,15_fao_ine
fao_cereal_yield_kg_ha,numeric,24,68.6,15_fao_ine
ine_cereal_prod_ton,numeric,35,100,15_fao_ine
ine_cereal_yield_kg_ha,numeric,31,88.6,15_fao_ine
wdi_agr_export_pct,numeric,32,91.4,16_wdi
wdi_agr_import_pct,numeric,32,91.4,16_wdi
wdi_agr_land_pct,numeric,34,97.1,16_wdi
wdi_agr_va_usd,numeric,34,97.1,16_wdi
wdi_arable_land_pct,numeric,34,97.1,16_wdi
wdi_cereal_yield_kg_ha,numeric,34,97.1,16_wdi
wdi_crop_prod_index,numeric,33,94.3,16_wdi
wdi_gdp_pc_usd,numeric,34,97.1,16_wdi
wdi_gfcf_pct_gdp,numeric,34,97.1,16_wdi
wdi_govt_exp_pct_gdp,numeric,18,51.4,16_wdi
wdi_inflation_pct,numeric,34,97.1,16_wdi
wdi_irrigated_land_pct,numeric,1,2.9,16_wdi
wdi_livestock_prod_index,numeric,33,94.3,16_wdi
wdi_total_area_km2,numeric,34,97.1,16_wdi
wdi_vit_a_deficiency_pct,numeric,21,60,16_wdi
agr_employment_pct,numeric,24,68.6,17_otros_outcomes
agr_food_prod_index,numeric,23,65.7,17_otros_outcomes
agr_gdp_usd,numeric,24,68.6,17_otros_outcomes
agr_value_added_pct_gdp,numeric,24,68.6,17_otros_outcomes
all_meat_prod_ton,numeric,35,100,17_otros_outcomes
rural_pop_pct,numeric,24,68.6,17_otros_outcomes
undernourishment_pct,numeric,23,65.7,17_otros_outcomes
use_of_pesticides_per_area_of_cropland,numeric,34,97.1,17_otros_outcomes
